,Usu√°rios
0,tkersey
1,njonsson
2,bangpound
3,vincentkoc
4,Rud5G
5,mlsj1
6,syug
7,varungupta
8,esneko
9,neopunisher
10,jazzwang
11,begoon
12,fly51fly
13,fallenpegasus
14,fribeiro1
15,brase
16,chchrist
17,massimoselvi
18,ScottJWalter
19,mikeputnam
20,adeelahmad
21,mindcrime
22,informaticadiaz
23,MarceloNascimento
24,skowronek
25,dsoul
26,dmsbilas
27,thimslugga
28,leecardona
29,threecups
30,shyuan
31,nara
32,dning1
33,openam
34,semsphy
35,DaemonCahill
36,Cambera
37,riyadparvez
38,nattfodd
39,mitaka
40,ZhangYunfang
41,temosy
42,threadstonesecure
43,manuelhunziker
44,ambagasdowa
45,daball
46,pedro-lima
47,alexharvey
48,josh-fisher
49,subidit
50,pdevenraj
51,jtmoon79
52,nerandell
53,raghuboosetty
54,tdmalone
55,34code
56,burib
57,whn09
58,bobbyearl
59,figpope
60,alishir
61,ahlfors
62,bsrz
63,mailmahee
64,mihkels
65,daefresh
66,dofstar
67,codee
68,LisaDelaney
69,EdZava
70,pmanolak
71,kistasi
72,tariqwest
73,jonnynut
74,afelicioni
75,firebitsbr
76,glaucodiogo
77,gunkaragoz
78,manjunathd
79,afonsoalban
80,ewnd9
81,rsaa
82,hvn0413
83,duxing2007
84,ste93cry
85,terran1942
86,jloiola
87,itanoss
88,anujku
89,thesobercoder
90,bygbyron3
91,rickymaciel
92,KevinGimbel
93,d-shimizu
94,zsp0817
95,konamo
96,voldyman
97,golf-x
98,alexjennings
99,Spinfusor
100,xiupitter
101,somaditya
102,apjowen
103,usui-tk
104,onenonlycasper
105,dengqixing
106,Davi-He
107,godsoul
108,kumar-nitish
109,toku345
110,snoop0x7b
111,PandaBlessing
112,andyuls
113,juanjoruiz2109
114,mangualero
115,haydenthai
116,yannickboog
117,proverbs53
118,Rajivhost
119,universewrld
120,dpapageo
121,HJiefeng
122,larsfi
123,kkpan11
124,plumcube
125,magigo
126,ahmadfaizalbh
127,flukebox
128,jakebrinkmann
129,simar1998
130,CheeseTurtle
131,AAbasinejad
132,virtuoushub
133,huamichaelchen
134,mumblepins
135,b3nkos
136,bretdarby
137,srinitude
138,the-watchmaker
139,codinggooner
140,kimpenguin
141,pthbinh92
142,mychen-ustc
143,weisberg
144,ace-coder
145,infinitedreams9586
146,tusharsoni08
147,hoansgithub
148,ritesh-singh
149,schallerala
